,start,prod1,prod2,halt
0,1,1,1,0
1,1,1,2,0
2,1,1,3,0
3,1,1,4,0
4,1,1,5,0
5,1,1,6,0
6,1,1,7,0
7,1,1,8,0
8,1,1,9,0
9,1,1,10,0
10,1,1,11,0
11,1,1,12,0
12,1,1,13,0
13,1,1,14,0
14,1,1,15,0
15,1,2,1,0
16,1,2,2,0
17,1,2,3,0
18,1,2,4,0
19,1,2,5,0
20,1,2,6,0
21,1,2,7,0
22,1,2,8,0
23,1,2,9,0
24,1,2,10,0
25,1,2,11,0
26,1,2,12,0
27,1,2,13,0
28,1,2,14,0
29,1,2,15,0
30,1,3,1,0
31,1,3,2,0
32,1,3,3,0
33,1,3,4,0
34,1,3,5,0
35,1,3,6,0
36,1,3,7,0
37,1,3,8,0
38,1,3,9,0
39,1,3,10,0
40,1,3,11,0
41,1,3,12,0
42,1,3,13,0
43,1,3,14,0
44,1,3,15,0
45,1,4,1,0
46,1,4,2,0
47,1,4,3,0
48,1,4,4,0
49,1,4,5,0
50,1,4,6,0
51,1,4,7,0
52,1,4,8,0
53,1,4,9,0
54,1,4,10,0
55,1,4,11,0
56,1,4,12,0
57,1,4,13,0
58,1,4,14,0
59,1,4,15,0
60,1,5,1,0
61,1,5,2,0
62,1,5,3,0
63,1,5,4,0
64,1,5,5,0
65,1,5,6,0
66,1,5,7,0
67,1,5,8,0
68,1,5,9,0
69,1,5,10,0
70,1,5,11,0
71,1,5,12,0
72,1,5,13,0
73,1,5,14,0
74,1,5,15,0
75,1,6,1,0
76,1,6,2,0
77,1,6,3,0
78,1,6,4,0
79,1,6,5,0
80,1,6,6,0
81,1,6,7,0
82,1,6,8,0
83,1,6,9,0
84,1,6,10,0
85,1,6,11,0
86,1,6,12,0
87,1,6,13,0
88,1,6,14,0
89,1,6,15,0
90,1,7,1,0
91,1,7,2,0
92,1,7,3,0
93,1,7,4,0
94,1,7,5,0
95,1,7,6,0
96,1,7,7,0
97,1,7,8,0
98,1,7,9,0
99,1,7,10,0
100,1,7,11,0
101,1,7,12,0
102,1,7,13,0
103,1,7,14,0
104,1,7,15,0
105,1,8,1,0
106,1,8,2,0
107,1,8,3,0
108,1,8,4,0
109,1,8,5,0
110,1,8,6,0
111,1,8,7,0
112,1,8,8,0
113,1,8,9,0
114,1,8,10,0
115,1,8,11,0
116,1,8,12,0
117,1,8,13,0
118,1,8,14,0
119,1,8,15,0
120,1,9,1,0
121,1,9,2,0
122,1,9,3,0
123,1,9,4,0
124,1,9,5,0
125,1,9,6,0
126,1,9,7,0
127,1,9,8,0
128,1,9,9,0
129,1,9,10,0
130,1,9,11,0
131,1,9,12,0
132,1,9,13,0
133,1,9,14,0
134,1,9,15,0
135,1,10,1,0
136,1,10,2,0
137,1,10,3,0
138,1,10,4,0
139,1,10,5,0
140,1,10,6,0
141,1,10,7,0
142,1,10,8,0
143,1,10,9,0
144,1,10,10,0
145,1,10,11,0
146,1,10,12,0
147,1,10,13,0
148,1,10,14,0
149,1,10,15,0
150,1,11,1,0
151,1,11,2,0
152,1,11,3,0
153,1,11,4,0
154,1,11,5,0
155,1,11,6,0
156,1,11,7,0
157,1,11,8,0
158,1,11,9,0
159,1,11,10,0
160,1,11,11,0
161,1,11,12,0
162,1,11,13,0
163,1,11,14,0
164,1,11,15,0
165,1,12,1,0
166,1,12,2,0
167,1,12,3,0
168,1,12,4,0
169,1,12,5,0
170,1,12,6,0
171,1,12,7,0
172,1,12,8,0
173,1,12,9,0
174,1,12,10,0
175,1,12,11,0
176,1,12,12,0
177,1,12,13,0
178,1,12,14,0
179,1,12,15,0
180,1,13,1,0
181,1,13,2,0
182,1,13,3,0
183,1,13,4,0
184,1,13,5,0
185,1,13,6,0
186,1,13,7,0
187,1,13,8,0
188,1,13,9,0
189,1,13,10,0
190,1,13,11,0
191,1,13,12,0
192,1,13,13,0
193,1,13,14,0
194,1,13,15,0
195,1,14,1,0
196,1,14,2,0
197,1,14,3,0
198,1,14,4,0
199,1,14,5,0
200,1,14,6,0
201,1,14,7,0
202,1,14,8,0
203,1,14,9,0
204,1,14,10,0
205,1,14,11,0
206,1,14,12,0
207,1,14,13,0
208,1,14,14,0
209,1,14,15,0
210,1,15,1,0
211,1,15,2,0
212,1,15,3,0
213,1,15,4,0
214,1,15,5,0
215,1,15,6,0
216,1,15,7,0
217,1,15,8,0
218,1,15,9,0
219,1,15,10,0
220,1,15,11,0
221,1,15,12,0
222,1,15,13,0
223,1,15,14,0
224,1,15,15,0
225,2,1,1,1
226,2,1,2,1
227,2,1,3,1
228,2,1,4,1
229,2,1,5,1
230,2,1,6,1
231,2,1,7,1
232,2,1,8,1
233,2,1,9,1
234,2,1,10,1
235,2,1,11,1
236,2,1,12,1
237,2,1,13,1
238,2,1,14,1
239,2,1,15,1
240,2,2,1,1
241,2,2,2,1
242,2,2,3,1
243,2,2,4,1
244,2,2,5,1
245,2,2,6,1
246,2,2,7,1
247,2,2,8,1
248,2,2,9,1
249,2,2,10,1
250,2,2,11,1
251,2,2,12,1
252,2,2,13,1
253,2,2,14,1
254,2,2,15,1
255,2,3,1,1
256,2,3,2,1
257,2,3,3,1
258,2,3,4,1
259,2,3,5,1
260,2,3,6,1
261,2,3,7,1
262,2,3,8,1
263,2,3,9,1
264,2,3,10,1
265,2,3,11,1
266,2,3,12,1
267,2,3,13,1
268,2,3,14,1
269,2,3,15,1
270,2,4,1,1
271,2,4,2,1
272,2,4,3,1
273,2,4,4,1
274,2,4,5,1
275,2,4,6,1
276,2,4,7,1
277,2,4,8,1
278,2,4,9,1
279,2,4,10,1
280,2,4,11,1
281,2,4,12,1
282,2,4,13,1
283,2,4,14,1
284,2,4,15,1
285,2,5,1,1
286,2,5,2,1
287,2,5,3,1
288,2,5,4,1
289,2,5,5,1
290,2,5,6,1
291,2,5,7,1
292,2,5,8,1
293,2,5,9,1
294,2,5,10,1
295,2,5,11,1
296,2,5,12,1
297,2,5,13,1
298,2,5,14,1
299,2,5,15,1
300,2,6,1,1
301,2,6,2,1
302,2,6,3,1
303,2,6,4,1
304,2,6,5,1
305,2,6,6,1
306,2,6,7,1
307,2,6,8,1
308,2,6,9,1
309,2,6,10,1
310,2,6,11,1
311,2,6,12,1
312,2,6,13,1
313,2,6,14,1
314,2,6,15,1
315,2,7,1,1
316,2,7,2,1
317,2,7,3,1
318,2,7,4,1
319,2,7,5,1
320,2,7,6,1
321,2,7,7,1
322,2,7,8,1
323,2,7,9,1
324,2,7,10,1
325,2,7,11,1
326,2,7,12,1
327,2,7,13,1
328,2,7,14,1
329,2,7,15,1
330,2,8,1,1
331,2,8,2,1
332,2,8,3,1
333,2,8,4,1
334,2,8,5,1
335,2,8,6,1
336,2,8,7,1
337,2,8,8,1
338,2,8,9,1
339,2,8,10,1
340,2,8,11,1
341,2,8,12,1
342,2,8,13,1
343,2,8,14,1
344,2,8,15,1
345,2,9,1,1
346,2,9,2,1
347,2,9,3,1
348,2,9,4,1
349,2,9,5,1
350,2,9,6,1
351,2,9,7,1
352,2,9,8,1
353,2,9,9,1
354,2,9,10,1
355,2,9,11,1
356,2,9,12,1
357,2,9,13,1
358,2,9,14,1
359,2,9,15,1
360,2,10,1,1
361,2,10,2,1
362,2,10,3,1
363,2,10,4,1
364,2,10,5,1
365,2,10,6,1
366,2,10,7,1
367,2,10,8,1
368,2,10,9,1
369,2,10,10,1
370,2,10,11,1
371,2,10,12,1
372,2,10,13,1
373,2,10,14,1
374,2,10,15,1
375,2,11,1,1
376,2,11,2,1
377,2,11,3,1
378,2,11,4,1
379,2,11,5,1
380,2,11,6,1
381,2,11,7,1
382,2,11,8,1
383,2,11,9,1
384,2,11,10,1
385,2,11,11,1
386,2,11,12,1
387,2,11,13,1
388,2,11,14,1
389,2,11,15,1
390,2,12,1,1
391,2,12,2,1
392,2,12,3,1
393,2,12,4,1
394,2,12,5,1
395,2,12,6,1
396,2,12,7,1
397,2,12,8,1
398,2,12,9,1
399,2,12,10,1
400,2,12,11,1
401,2,12,12,1
402,2,12,13,1
403,2,12,14,1
404,2,12,15,1
405,2,13,1,1
406,2,13,2,1
407,2,13,3,1
408,2,13,4,1
409,2,13,5,1
410,2,13,6,1
411,2,13,7,1
412,2,13,8,1
413,2,13,9,1
414,2,13,10,1
415,2,13,11,1
416,2,13,12,1
417,2,13,13,1
418,2,13,14,1
419,2,13,15,1
420,2,14,1,1
421,2,14,2,1
422,2,14,3,1
423,2,14,4,1
424,2,14,5,1
425,2,14,6,1
426,2,14,7,1
427,2,14,8,1
428,2,14,9,1
429,2,14,10,1
430,2,14,11,1
431,2,14,12,1
432,2,14,13,1
433,2,14,14,1
434,2,14,15,1
435,2,15,1,1
436,2,15,2,1
437,2,15,3,1
438,2,15,4,1
439,2,15,5,1
440,2,15,6,1
441,2,15,7,1
442,2,15,8,1
443,2,15,9,1
444,2,15,10,1
445,2,15,11,1
446,2,15,12,1
447,2,15,13,1
448,2,15,14,1
449,2,15,15,1
450,3,1,1,1
451,3,1,2,1
452,3,1,3,1
453,3,1,4,1
454,3,1,5,1
455,3,1,6,1
456,3,1,7,1
457,3,1,8,1
458,3,1,9,1
459,3,1,10,1
460,3,1,11,1
461,3,1,12,1
462,3,1,13,1
463,3,1,14,1
464,3,1,15,1
465,3,2,1,2
466,3,2,2,2
467,3,2,3,2
468,3,2,4,2
469,3,2,5,2
470,3,2,6,2
471,3,2,7,2
472,3,2,8,2
473,3,2,9,2
474,3,2,10,2
475,3,2,11,2
476,3,2,12,2
477,3,2,13,2
478,3,2,14,2
479,3,2,15,2
480,3,3,1,2
481,3,3,2,3
482,3,3,3,0
483,3,3,4,4
484,3,3,5,1
485,3,3,6,0
486,3,3,7,-1
487,3,3,8,5
488,3,3,9,0
489,3,3,10,0
490,3,3,11,-1
491,3,3,12,1
492,3,3,13,-1
493,3,3,14,-1
494,3,3,15,-1
495,3,4,1,3
496,3,4,2,3
497,3,4,3,3
498,3,4,4,3
499,3,4,5,3
500,3,4,6,3
501,3,4,7,3
502,3,4,8,3
503,3,4,9,3
504,3,4,10,3
505,3,4,11,3
506,3,4,12,3
507,3,4,13,3
508,3,4,14,3
509,3,4,15,3
510,3,5,1,0
511,3,5,2,0
512,3,5,3,0
513,3,5,4,0
514,3,5,5,0
515,3,5,6,0
516,3,5,7,0
517,3,5,8,0
518,3,5,9,0
519,3,5,10,0
520,3,5,11,0
521,3,5,12,0
522,3,5,13,0
523,3,5,14,0
524,3,5,15,0
525,3,6,1,3
526,3,6,2,4
527,3,6,3,0
528,3,6,4,5
529,3,6,5,0
530,3,6,6,1
531,3,6,7,-1
532,3,6,8,6
533,3,6,9,0
534,3,6,10,3
535,3,6,11,-1
536,3,6,12,1
537,3,6,13,-1
538,3,6,14,-1
539,3,6,15,-1
540,3,7,1,0
541,3,7,2,1
542,3,7,3,-1
543,3,7,4,1
544,3,7,5,-1
545,3,7,6,-1
546,3,7,7,-1
547,3,7,8,1
548,3,7,9,-1
549,3,7,10,-1
550,3,7,11,-1
551,3,7,12,-1
552,3,7,13,-1
553,3,7,14,-1
554,3,7,15,-1
555,3,8,1,4
556,3,8,2,4
557,3,8,3,4
558,3,8,4,4
559,3,8,5,4
560,3,8,6,4
561,3,8,7,4
562,3,8,8,4
563,3,8,9,4
564,3,8,10,4
565,3,8,11,4
566,3,8,12,4
567,3,8,13,4
568,3,8,14,4
569,3,8,15,4
570,3,9,1,4
571,3,9,2,5
572,3,9,3,0
573,3,9,4,6
574,3,9,5,2
575,3,9,6,0
576,3,9,7,-1
577,3,9,8,7
578,3,9,9,0
579,3,9,10,0
580,3,9,11,-1
581,3,9,12,1
582,3,9,13,-1
583,3,9,14,-1
584,3,9,15,-1
585,3,10,1,7
586,3,10,2,8
587,3,10,3,0
588,3,10,4,9
589,3,10,5,0
590,3,10,6,4
591,3,10,7,-1
592,3,10,8,10
593,3,10,9,0
594,3,10,10,1
595,3,10,11,-1
596,3,10,12,1
597,3,10,13,-1
598,3,10,14,-1
599,3,10,15,-1
600,3,11,1,0
601,3,11,2,1
602,3,11,3,-1
603,3,11,4,1
604,3,11,5,-1
605,3,11,6,-1
606,3,11,7,-1
607,3,11,8,1
608,3,11,9,-1
609,3,11,10,-1
610,3,11,11,-1
611,3,11,12,-1
612,3,11,13,-1
613,3,11,14,-1
614,3,11,15,-1
615,3,12,1,4
616,3,12,2,5
617,3,12,3,0
618,3,12,4,6
619,3,12,5,4
620,3,12,6,1
621,3,12,7,-1
622,3,12,8,7
623,3,12,9,0
624,3,12,10,1
625,3,12,11,-1
626,3,12,12,1
627,3,12,13,-1
628,3,12,14,-1
629,3,12,15,-1
630,3,13,1,4
631,3,13,2,6
632,3,13,3,-1
633,3,13,4,8
634,3,13,5,1
635,3,13,6,-1
636,3,13,7,-1
637,3,13,8,10
638,3,13,9,-1
639,3,13,10,-1
640,3,13,11,-1
641,3,13,12,-1
642,3,13,13,-1
643,3,13,14,-1
644,3,13,15,-1
645,3,14,1,1
646,3,14,2,1
647,3,14,3,-1
648,3,14,4,3
649,3,14,5,-1
650,3,14,6,-1
651,3,14,7,-1
652,3,14,8,1
653,3,14,9,-1
654,3,14,10,-1
655,3,14,11,-1
656,3,14,12,-1
657,3,14,13,-1
658,3,14,14,-1
659,3,14,15,-1
660,3,15,1,-1
661,3,15,2,-1
662,3,15,3,-1
663,3,15,4,-1
664,3,15,5,-1
665,3,15,6,-1
666,3,15,7,-1
667,3,15,8,-1
668,3,15,9,-1
669,3,15,10,-1
670,3,15,11,-1
671,3,15,12,-1
672,3,15,13,-1
673,3,15,14,-1
674,3,15,15,-1
675,4,1,1,2
676,4,1,2,2
677,4,1,3,2
678,4,1,4,2
679,4,1,5,2
680,4,1,6,2
681,4,1,7,2
682,4,1,8,2
683,4,1,9,2
684,4,1,10,2
685,4,1,11,2
686,4,1,12,2
687,4,1,13,2
688,4,1,14,2
689,4,1,15,2
690,4,2,1,2
691,4,2,2,2
692,4,2,3,2
693,4,2,4,2
694,4,2,5,2
695,4,2,6,2
696,4,2,7,2
697,4,2,8,2
698,4,2,9,2
699,4,2,10,2
700,4,2,11,2
701,4,2,12,2
702,4,2,13,2
703,4,2,14,2
704,4,2,15,2
705,4,3,1,2
706,4,3,2,2
707,4,3,3,2
708,4,3,4,2
709,4,3,5,2
710,4,3,6,2
711,4,3,7,2
712,4,3,8,2
713,4,3,9,2
714,4,3,10,2
715,4,3,11,2
716,4,3,12,2
717,4,3,13,2
718,4,3,14,2
719,4,3,15,2
720,4,4,1,2
721,4,4,2,2
722,4,4,3,2
723,4,4,4,2
724,4,4,5,2
725,4,4,6,2
726,4,4,7,2
727,4,4,8,2
728,4,4,9,2
729,4,4,10,2
730,4,4,11,2
731,4,4,12,2
732,4,4,13,2
733,4,4,14,2
734,4,4,15,2
735,4,5,1,2
736,4,5,2,2
737,4,5,3,2
738,4,5,4,2
739,4,5,5,2
740,4,5,6,2
741,4,5,7,2
742,4,5,8,2
743,4,5,9,2
744,4,5,10,2
745,4,5,11,2
746,4,5,12,2
747,4,5,13,2
748,4,5,14,2
749,4,5,15,2
750,4,6,1,2
751,4,6,2,2
752,4,6,3,2
753,4,6,4,2
754,4,6,5,2
755,4,6,6,2
756,4,6,7,2
757,4,6,8,2
758,4,6,9,2
759,4,6,10,2
760,4,6,11,2
761,4,6,12,2
762,4,6,13,2
763,4,6,14,2
764,4,6,15,2
765,4,7,1,2
766,4,7,2,2
767,4,7,3,2
768,4,7,4,2
769,4,7,5,2
770,4,7,6,2
771,4,7,7,2
772,4,7,8,2
773,4,7,9,2
774,4,7,10,2
775,4,7,11,2
776,4,7,12,2
777,4,7,13,2
778,4,7,14,2
779,4,7,15,2
780,4,8,1,2
781,4,8,2,2
782,4,8,3,2
783,4,8,4,2
784,4,8,5,2
785,4,8,6,2
786,4,8,7,2
787,4,8,8,2
788,4,8,9,2
789,4,8,10,2
790,4,8,11,2
791,4,8,12,2
792,4,8,13,2
793,4,8,14,2
794,4,8,15,2
795,4,9,1,2
796,4,9,2,2
797,4,9,3,2
798,4,9,4,2
799,4,9,5,2
800,4,9,6,2
801,4,9,7,2
802,4,9,8,2
803,4,9,9,2
804,4,9,10,2
805,4,9,11,2
806,4,9,12,2
807,4,9,13,2
808,4,9,14,2
809,4,9,15,2
810,4,10,1,2
811,4,10,2,2
812,4,10,3,2
813,4,10,4,2
814,4,10,5,2
815,4,10,6,2
816,4,10,7,2
817,4,10,8,2
818,4,10,9,2
819,4,10,10,2
820,4,10,11,2
821,4,10,12,2
822,4,10,13,2
823,4,10,14,2
824,4,10,15,2
825,4,11,1,2
826,4,11,2,2
827,4,11,3,2
828,4,11,4,2
829,4,11,5,2
830,4,11,6,2
831,4,11,7,2
832,4,11,8,2
833,4,11,9,2
834,4,11,10,2
835,4,11,11,2
836,4,11,12,2
837,4,11,13,2
838,4,11,14,2
839,4,11,15,2
840,4,12,1,2
841,4,12,2,2
842,4,12,3,2
843,4,12,4,2
844,4,12,5,2
845,4,12,6,2
846,4,12,7,2
847,4,12,8,2
848,4,12,9,2
849,4,12,10,2
850,4,12,11,2
851,4,12,12,2
852,4,12,13,2
853,4,12,14,2
854,4,12,15,2
855,4,13,1,2
856,4,13,2,2
857,4,13,3,2
858,4,13,4,2
859,4,13,5,2
860,4,13,6,2
861,4,13,7,2
862,4,13,8,2
863,4,13,9,2
864,4,13,10,2
865,4,13,11,2
866,4,13,12,2
867,4,13,13,2
868,4,13,14,2
869,4,13,15,2
870,4,14,1,2
871,4,14,2,2
872,4,14,3,2
873,4,14,4,2
874,4,14,5,2
875,4,14,6,2
876,4,14,7,2
877,4,14,8,2
878,4,14,9,2
879,4,14,10,2
880,4,14,11,2
881,4,14,12,2
882,4,14,13,2
883,4,14,14,2
884,4,14,15,2
885,4,15,1,2
886,4,15,2,2
887,4,15,3,2
888,4,15,4,2
889,4,15,5,2
890,4,15,6,2
891,4,15,7,2
892,4,15,8,2
893,4,15,9,2
894,4,15,10,2
895,4,15,11,2
896,4,15,12,2
897,4,15,13,2
898,4,15,14,2
899,4,15,15,2
900,5,1,1,2
901,5,1,2,3
902,5,1,3,3
903,5,1,4,4
904,5,1,5,0
905,5,1,6,4
906,5,1,7,1
907,5,1,8,5
908,5,1,9,5
909,5,1,10,8
910,5,1,11,1
911,5,1,12,5
912,5,1,13,5
913,5,1,14,2
914,5,1,15,-1
915,5,2,1,2
916,5,2,2,3
917,5,2,3,4
918,5,2,4,4
919,5,2,5,0
920,5,2,6,5
921,5,2,7,2
922,5,2,8,5
923,5,2,9,6
924,5,2,10,9
925,5,2,11,2
926,5,2,12,6
927,5,2,13,7
928,5,2,14,2
929,5,2,15,-1
930,5,3,1,2
931,5,3,2,3
932,5,3,3,1
933,5,3,4,4
934,5,3,5,0
935,5,3,6,1
936,5,3,7,-1
937,5,3,8,5
938,5,3,9,1
939,5,3,10,1
940,5,3,11,-1
941,5,3,12,0
942,5,3,13,-1
943,5,3,14,-1
944,5,3,15,-1
945,5,4,1,2
946,5,4,2,3
947,5,4,3,5
948,5,4,4,4
949,5,4,5,0
950,5,4,6,6
951,5,4,7,2
952,5,4,8,5
953,5,4,9,7
954,5,4,10,10
955,5,4,11,2
956,5,4,12,7
957,5,4,13,9
958,5,4,14,4
959,5,4,15,-1
960,5,5,1,2
961,5,5,2,3
962,5,5,3,2
963,5,5,4,4
964,5,5,5,0
965,5,5,6,0
966,5,5,7,-1
967,5,5,8,5
968,5,5,9,3
969,5,5,10,0
970,5,5,11,-1
971,5,5,12,5
972,5,5,13,2
973,5,5,14,-1
974,5,5,15,-1
975,5,6,1,2
976,5,6,2,3
977,5,6,3,0
978,5,6,4,4
979,5,6,5,0
980,5,6,6,2
981,5,6,7,-1
982,5,6,8,5
983,5,6,9,0
984,5,6,10,5
985,5,6,11,-1
986,5,6,12,2
987,5,6,13,-1
988,5,6,14,-1
989,5,6,15,-1
990,5,7,1,2
991,5,7,2,3
992,5,7,3,-1
993,5,7,4,4
994,5,7,5,0
995,5,7,6,-1
996,5,7,7,-1
997,5,7,8,5
998,5,7,9,-1
999,5,7,10,-1
1000,5,7,11,-1
1001,5,7,12,-1
1002,5,7,13,-1
1003,5,7,14,-1
1004,5,7,15,-1
1005,5,8,1,2
1006,5,8,2,3
1007,5,8,3,6
1008,5,8,4,4
1009,5,8,5,0
1010,5,8,6,7
1011,5,8,7,2
1012,5,8,8,5
1013,5,8,9,8
1014,5,8,10,11
1015,5,8,11,2
1016,5,8,12,8
1017,5,8,13,11
1018,5,8,14,2
1019,5,8,15,-1
1020,5,9,1,2
1021,5,9,2,3
1022,5,9,3,0
1023,5,9,4,4
1024,5,9,5,0
1025,5,9,6,0
1026,5,9,7,-1
1027,5,9,8,5
1028,5,9,9,0
1029,5,9,10,0
1030,5,9,11,-1
1031,5,9,12,0
1032,5,9,13,-1
1033,5,9,14,-1
1034,5,9,15,-1
1035,5,10,1,2
1036,5,10,2,3
1037,5,10,3,0
1038,5,10,4,4
1039,5,10,5,0
1040,5,10,6,4
1041,5,10,7,-1
1042,5,10,8,5
1043,5,10,9,0
1044,5,10,10,2
1045,5,10,11,-1
1046,5,10,12,2
1047,5,10,13,-1
1048,5,10,14,-1
1049,5,10,15,-1
1050,5,11,1,2
1051,5,11,2,3
1052,5,11,3,-1
1053,5,11,4,4
1054,5,11,5,0
1055,5,11,6,-1
1056,5,11,7,-1
1057,5,11,8,5
1058,5,11,9,-1
1059,5,11,10,-1
1060,5,11,11,-1
1061,5,11,12,-1
1062,5,11,13,-1
1063,5,11,14,-1
1064,5,11,15,-1
1065,5,12,1,2
1066,5,12,2,3
1067,5,12,3,2
1068,5,12,4,4
1069,5,12,5,0
1070,5,12,6,2
1071,5,12,7,-1
1072,5,12,8,5
1073,5,12,9,2
1074,5,12,10,2
1075,5,12,11,-1
1076,5,12,12,2
1077,5,12,13,-1
1078,5,12,14,-1
1079,5,12,15,-1
1080,5,13,1,2
1081,5,13,2,3
1082,5,13,3,-1
1083,5,13,4,4
1084,5,13,5,0
1085,5,13,6,-1
1086,5,13,7,-1
1087,5,13,8,5
1088,5,13,9,-1
1089,5,13,10,-1
1090,5,13,11,-1
1091,5,13,12,-1
1092,5,13,13,-1
1093,5,13,14,-1
1094,5,13,15,-1
1095,5,14,1,2
1096,5,14,2,3
1097,5,14,3,-1
1098,5,14,4,4
1099,5,14,5,0
1100,5,14,6,-1
1101,5,14,7,-1
1102,5,14,8,5
1103,5,14,9,-1
1104,5,14,10,-1
1105,5,14,11,-1
1106,5,14,12,-1
1107,5,14,13,-1
1108,5,14,14,-1
1109,5,14,15,-1
1110,5,15,1,2
1111,5,15,2,3
1112,5,15,3,-1
1113,5,15,4,4
1114,5,15,5,0
1115,5,15,6,-1
1116,5,15,7,-1
1117,5,15,8,5
1118,5,15,9,-1
1119,5,15,10,-1
1120,5,15,11,-1
1121,5,15,12,-1
1122,5,15,13,-1
1123,5,15,14,-1
1124,5,15,15,-1
1125,6,1,1,2
1126,6,1,2,2
1127,6,1,3,2
1128,6,1,4,2
1129,6,1,5,2
1130,6,1,6,2
1131,6,1,7,2
1132,6,1,8,2
1133,6,1,9,2
1134,6,1,10,2
1135,6,1,11,2
1136,6,1,12,2
1137,6,1,13,2
1138,6,1,14,2
1139,6,1,15,2
1140,6,2,1,3
1141,6,2,2,3
1142,6,2,3,3
1143,6,2,4,3
1144,6,2,5,3
1145,6,2,6,3
1146,6,2,7,3
1147,6,2,8,3
1148,6,2,9,3
1149,6,2,10,3
1150,6,2,11,3
1151,6,2,12,3
1152,6,2,13,3
1153,6,2,14,3
1154,6,2,15,3
1155,6,3,1,4
1156,6,3,2,5
1157,6,3,3,2
1158,6,3,4,6
1159,6,3,5,3
1160,6,3,6,0
1161,6,3,7,-1
1162,6,3,8,7
1163,6,3,9,1
1164,6,3,10,0
1165,6,3,11,-1
1166,6,3,12,3
1167,6,3,13,-1
1168,6,3,14,-1
1169,6,3,15,-1
1170,6,4,1,4
1171,6,4,2,4
1172,6,4,3,4
1173,6,4,4,4
1174,6,4,5,4
1175,6,4,6,4
1176,6,4,7,4
1177,6,4,8,4
1178,6,4,9,4
1179,6,4,10,4
1180,6,4,11,4
1181,6,4,12,4
1182,6,4,13,4
1183,6,4,14,4
1184,6,4,15,4
1185,6,5,1,4
1186,6,5,2,5
1187,6,5,3,4
1188,6,5,4,6
1189,6,5,5,2
1190,6,5,6,0
1191,6,5,7,-1
1192,6,5,8,7
1193,6,5,9,5
1194,6,5,10,0
1195,6,5,11,-1
1196,6,5,12,7
1197,6,5,13,4
1198,6,5,14,-1
1199,6,5,15,-1
1200,6,6,1,0
1201,6,6,2,0
1202,6,6,3,0
1203,6,6,4,0
1204,6,6,5,0
1205,6,6,6,0
1206,6,6,7,0
1207,6,6,8,0
1208,6,6,9,0
1209,6,6,10,0
1210,6,6,11,0
1211,6,6,12,0
1212,6,6,13,0
1213,6,6,14,0
1214,6,6,15,0
1215,6,7,1,2
1216,6,7,2,0
1217,6,7,3,-1
1218,6,7,4,4
1219,6,7,5,-1
1220,6,7,6,-1
1221,6,7,7,-1
1222,6,7,8,1
1223,6,7,9,-1
1224,6,7,10,-1
1225,6,7,11,-1
1226,6,7,12,-1
1227,6,7,13,-1
1228,6,7,14,-1
1229,6,7,15,-1
1230,6,8,1,5
1231,6,8,2,5
1232,6,8,3,5
1233,6,8,4,5
1234,6,8,5,5
1235,6,8,6,5
1236,6,8,7,5
1237,6,8,8,5
1238,6,8,9,5
1239,6,8,10,5
1240,6,8,11,5
1241,6,8,12,5
1242,6,8,13,5
1243,6,8,14,5
1244,6,8,15,5
1245,6,9,1,8
1246,6,9,2,9
1247,6,9,3,4
1248,6,9,4,10
1249,6,9,5,6
1250,6,9,6,0
1251,6,9,7,-1
1252,6,9,8,11
1253,6,9,9,2
1254,6,9,10,0
1255,6,9,11,-1
1256,6,9,12,5
1257,6,9,13,-1
1258,6,9,14,-1
1259,6,9,15,-1
1260,6,10,1,5
1261,6,10,2,6
1262,6,10,3,0
1263,6,10,4,7
1264,6,10,5,0
1265,6,10,6,2
1266,6,10,7,-1
1267,6,10,8,8
1268,6,10,9,0
1269,6,10,10,0
1270,6,10,11,-1
1271,6,10,12,0
1272,6,10,13,-1
1273,6,10,14,-1
1274,6,10,15,-1
1275,6,11,1,2
1276,6,11,2,0
1277,6,11,3,-1
1278,6,11,4,5
1279,6,11,5,-1
1280,6,11,6,-1
1281,6,11,7,-1
1282,6,11,8,1
1283,6,11,9,-1
1284,6,11,10,-1
1285,6,11,11,-1
1286,6,11,12,-1
1287,6,11,13,-1
1288,6,11,14,-1
1289,6,11,15,-1
1290,6,12,1,8
1291,6,12,2,9
1292,6,12,3,5
1293,6,12,4,10
1294,6,12,5,8
1295,6,12,6,0
1296,6,12,7,-1
1297,6,12,8,11
1298,6,12,9,5
1299,6,12,10,0
1300,6,12,11,-1
1301,6,12,12,1
1302,6,12,13,-1
1303,6,12,14,-1
1304,6,12,15,-1
1305,6,13,1,2
1306,6,13,2,5
1307,6,13,3,-1
1308,6,13,4,5
1309,6,13,5,-1
1310,6,13,6,-1
1311,6,13,7,-1
1312,6,13,8,5
1313,6,13,9,-1
1314,6,13,10,-1
1315,6,13,11,-1
1316,6,13,12,-1
1317,6,13,13,-1
1318,6,13,14,-1
1319,6,13,15,-1
1320,6,14,1,0
1321,6,14,2,1
1322,6,14,3,-1
1323,6,14,4,1
1324,6,14,5,-1
1325,6,14,6,-1
1326,6,14,7,-1
1327,6,14,8,1
1328,6,14,9,-1
1329,6,14,10,-1
1330,6,14,11,-1
1331,6,14,12,-1
1332,6,14,13,-1
1333,6,14,14,-1
1334,6,14,15,-1
1335,6,15,1,-1
1336,6,15,2,-1
1337,6,15,3,-1
1338,6,15,4,-1
1339,6,15,5,-1
1340,6,15,6,-1
1341,6,15,7,-1
1342,6,15,8,-1
1343,6,15,9,-1
1344,6,15,10,-1
1345,6,15,11,-1
1346,6,15,12,-1
1347,6,15,13,-1
1348,6,15,14,-1
1349,6,15,15,-1
1350,7,1,1,2
1351,7,1,2,3
1352,7,1,3,3
1353,7,1,4,4
1354,7,1,5,1
1355,7,1,6,4
1356,7,1,7,0
1357,7,1,8,5
1358,7,1,9,5
1359,7,1,10,8
1360,7,1,11,0
1361,7,1,12,5
1362,7,1,13,5
1363,7,1,14,2
1364,7,1,15,-1
1365,7,2,1,3
1366,7,2,2,4
1367,7,2,3,6
1368,7,2,4,5
1369,7,2,5,6
1370,7,2,6,1
1371,7,2,7,0
1372,7,2,8,6
1373,7,2,9,10
1374,7,2,10,7
1375,7,2,11,0
1376,7,2,12,10
1377,7,2,13,6
1378,7,2,14,2
1379,7,2,15,-1
1380,7,3,1,4
1381,7,3,2,7
1382,7,3,3,0
1383,7,3,4,8
1384,7,3,5,0
1385,7,3,6,0
1386,7,3,7,-1
1387,7,3,8,11
1388,7,3,9,1
1389,7,3,10,0
1390,7,3,11,-1
1391,7,3,12,2
1392,7,3,13,-1
1393,7,3,14,-1
1394,7,3,15,-1
1395,7,4,1,4
1396,7,4,2,5
1397,7,4,3,7
1398,7,4,4,6
1399,7,4,5,4
1400,7,4,6,8
1401,7,4,7,0
1402,7,4,8,7
1403,7,4,9,9
1404,7,4,10,12
1405,7,4,11,2
1406,7,4,12,9
1407,7,4,13,11
1408,7,4,14,6
1409,7,4,15,-1
1410,7,5,1,4
1411,7,5,2,6
1412,7,5,3,0
1413,7,5,4,8
1414,7,5,5,1
1415,7,5,6,1
1416,7,5,7,-1
1417,7,5,8,10
1418,7,5,9,1
1419,7,5,10,1
1420,7,5,11,-1
1421,7,5,12,2
1422,7,5,13,-1
1423,7,5,14,-1
1424,7,5,15,-1
1425,7,6,1,2
1426,7,6,2,8
1427,7,6,3,0
1428,7,6,4,5
1429,7,6,5,1
1430,7,6,6,2
1431,7,6,7,-1
1432,7,6,8,12
1433,7,6,9,1
1434,7,6,10,2
1435,7,6,11,-1
1436,7,6,12,2
1437,7,6,13,-1
1438,7,6,14,-1
1439,7,6,15,-1
1440,7,7,1,0
1441,7,7,2,0
1442,7,7,3,-1
1443,7,7,4,2
1444,7,7,5,-1
1445,7,7,6,-1
1446,7,7,7,-1
1447,7,7,8,0
1448,7,7,9,-1
1449,7,7,10,-1
1450,7,7,11,-1
1451,7,7,12,-1
1452,7,7,13,-1
1453,7,7,14,-1
1454,7,7,15,-1
1455,7,8,1,5
1456,7,8,2,6
1457,7,8,3,10
1458,7,8,4,7
1459,7,8,5,10
1460,7,8,6,4
1461,7,8,7,0
1462,7,8,8,8
1463,7,8,9,14
1464,7,8,10,11
1465,7,8,11,0
1466,7,8,12,14
1467,7,8,13,8
1468,7,8,14,2
1469,7,8,15,-1
1470,7,9,1,8
1471,7,9,2,13
1472,7,9,3,0
1473,7,9,4,12
1474,7,9,5,1
1475,7,9,6,1
1476,7,9,7,-1
1477,7,9,8,17
1478,7,9,9,1
1479,7,9,10,1
1480,7,9,11,-1
1481,7,9,12,2
1482,7,9,13,-1
1483,7,9,14,-1
1484,7,9,15,-1
1485,7,10,1,5
1486,7,10,2,7
1487,7,10,3,0
1488,7,10,4,9
1489,7,10,5,1
1490,7,10,6,1
1491,7,10,7,-1
1492,7,10,8,11
1493,7,10,9,1
1494,7,10,10,2
1495,7,10,11,-1
1496,7,10,12,2
1497,7,10,13,-1
1498,7,10,14,-1
1499,7,10,15,-1
1500,7,11,1,0
1501,7,11,2,0
1502,7,11,3,-1
1503,7,11,4,0
1504,7,11,5,-1
1505,7,11,6,-1
1506,7,11,7,-1
1507,7,11,8,0
1508,7,11,9,-1
1509,7,11,10,-1
1510,7,11,11,-1
1511,7,11,12,-1
1512,7,11,13,-1
1513,7,11,14,-1
1514,7,11,15,-1
1515,7,12,1,8
1516,7,12,2,13
1517,7,12,3,1
1518,7,12,4,12
1519,7,12,5,2
1520,7,12,6,2
1521,7,12,7,-1
1522,7,12,8,17
1523,7,12,9,1
1524,7,12,10,2
1525,7,12,11,-1
1526,7,12,12,2
1527,7,12,13,-1
1528,7,12,14,-1
1529,7,12,15,-1
1530,7,13,1,1
1531,7,13,2,12
1532,7,13,3,-1
1533,7,13,4,5
1534,7,13,5,-1
1535,7,13,6,-1
1536,7,13,7,-1
1537,7,13,8,14
1538,7,13,9,-1
1539,7,13,10,-1
1540,7,13,11,-1
1541,7,13,12,-1
1542,7,13,13,-1
1543,7,13,14,-1
1544,7,13,15,-1
1545,7,14,1,2
1546,7,14,2,2
1547,7,14,3,-1
1548,7,14,4,6
1549,7,14,5,-1
1550,7,14,6,-1
1551,7,14,7,-1
1552,7,14,8,2
1553,7,14,9,-1
1554,7,14,10,-1
1555,7,14,11,-1
1556,7,14,12,-1
1557,7,14,13,-1
1558,7,14,14,-1
1559,7,14,15,-1
1560,7,15,1,-1
1561,7,15,2,-1
1562,7,15,3,-1
1563,7,15,4,-1
1564,7,15,5,-1
1565,7,15,6,-1
1566,7,15,7,-1
1567,7,15,8,-1
1568,7,15,9,-1
1569,7,15,10,-1
1570,7,15,11,-1
1571,7,15,12,-1
1572,7,15,13,-1
1573,7,15,14,-1
1574,7,15,15,-1
1575,8,1,1,3
1576,8,1,2,3
1577,8,1,3,3
1578,8,1,4,3
1579,8,1,5,3
1580,8,1,6,3
1581,8,1,7,3
1582,8,1,8,3
1583,8,1,9,3
1584,8,1,10,3
1585,8,1,11,3
1586,8,1,12,3
1587,8,1,13,3
1588,8,1,14,3
1589,8,1,15,3
1590,8,2,1,3
1591,8,2,2,3
1592,8,2,3,3
1593,8,2,4,3
1594,8,2,5,3
1595,8,2,6,3
1596,8,2,7,3
1597,8,2,8,3
1598,8,2,9,3
1599,8,2,10,3
1600,8,2,11,3
1601,8,2,12,3
1602,8,2,13,3
1603,8,2,14,3
1604,8,2,15,3
1605,8,3,1,3
1606,8,3,2,3
1607,8,3,3,3
1608,8,3,4,3
1609,8,3,5,3
1610,8,3,6,3
1611,8,3,7,3
1612,8,3,8,3
1613,8,3,9,3
1614,8,3,10,3
1615,8,3,11,3
1616,8,3,12,3
1617,8,3,13,3
1618,8,3,14,3
1619,8,3,15,3
1620,8,4,1,3
1621,8,4,2,3
1622,8,4,3,3
1623,8,4,4,3
1624,8,4,5,3
1625,8,4,6,3
1626,8,4,7,3
1627,8,4,8,3
1628,8,4,9,3
1629,8,4,10,3
1630,8,4,11,3
1631,8,4,12,3
1632,8,4,13,3
1633,8,4,14,3
1634,8,4,15,3
1635,8,5,1,3
1636,8,5,2,3
1637,8,5,3,3
1638,8,5,4,3
1639,8,5,5,3
1640,8,5,6,3
1641,8,5,7,3
1642,8,5,8,3
1643,8,5,9,3
1644,8,5,10,3
1645,8,5,11,3
1646,8,5,12,3
1647,8,5,13,3
1648,8,5,14,3
1649,8,5,15,3
1650,8,6,1,3
1651,8,6,2,3
1652,8,6,3,3
1653,8,6,4,3
1654,8,6,5,3
1655,8,6,6,3
1656,8,6,7,3
1657,8,6,8,3
1658,8,6,9,3
1659,8,6,10,3
1660,8,6,11,3
1661,8,6,12,3
1662,8,6,13,3
1663,8,6,14,3
1664,8,6,15,3
1665,8,7,1,3
1666,8,7,2,3
1667,8,7,3,3
1668,8,7,4,3
1669,8,7,5,3
1670,8,7,6,3
1671,8,7,7,3
1672,8,7,8,3
1673,8,7,9,3
1674,8,7,10,3
1675,8,7,11,3
1676,8,7,12,3
1677,8,7,13,3
1678,8,7,14,3
1679,8,7,15,3
1680,8,8,1,3
1681,8,8,2,3
1682,8,8,3,3
1683,8,8,4,3
1684,8,8,5,3
1685,8,8,6,3
1686,8,8,7,3
1687,8,8,8,3
1688,8,8,9,3
1689,8,8,10,3
1690,8,8,11,3
1691,8,8,12,3
1692,8,8,13,3
1693,8,8,14,3
1694,8,8,15,3
1695,8,9,1,3
1696,8,9,2,3
1697,8,9,3,3
1698,8,9,4,3
1699,8,9,5,3
1700,8,9,6,3
1701,8,9,7,3
1702,8,9,8,3
1703,8,9,9,3
1704,8,9,10,3
1705,8,9,11,3
1706,8,9,12,3
1707,8,9,13,3
1708,8,9,14,3
1709,8,9,15,3
1710,8,10,1,3
1711,8,10,2,3
1712,8,10,3,3
1713,8,10,4,3
1714,8,10,5,3
1715,8,10,6,3
1716,8,10,7,3
1717,8,10,8,3
1718,8,10,9,3
1719,8,10,10,3
1720,8,10,11,3
1721,8,10,12,3
1722,8,10,13,3
1723,8,10,14,3
1724,8,10,15,3
1725,8,11,1,3
1726,8,11,2,3
1727,8,11,3,3
1728,8,11,4,3
1729,8,11,5,3
1730,8,11,6,3
1731,8,11,7,3
1732,8,11,8,3
1733,8,11,9,3
1734,8,11,10,3
1735,8,11,11,3
1736,8,11,12,3
1737,8,11,13,3
1738,8,11,14,3
1739,8,11,15,3
1740,8,12,1,3
1741,8,12,2,3
1742,8,12,3,3
1743,8,12,4,3
1744,8,12,5,3
1745,8,12,6,3
1746,8,12,7,3
1747,8,12,8,3
1748,8,12,9,3
1749,8,12,10,3
1750,8,12,11,3
1751,8,12,12,3
1752,8,12,13,3
1753,8,12,14,3
1754,8,12,15,3
1755,8,13,1,3
1756,8,13,2,3
1757,8,13,3,3
1758,8,13,4,3
1759,8,13,5,3
1760,8,13,6,3
1761,8,13,7,3
1762,8,13,8,3
1763,8,13,9,3
1764,8,13,10,3
1765,8,13,11,3
1766,8,13,12,3
1767,8,13,13,3
1768,8,13,14,3
1769,8,13,15,3
1770,8,14,1,3
1771,8,14,2,3
1772,8,14,3,3
1773,8,14,4,3
1774,8,14,5,3
1775,8,14,6,3
1776,8,14,7,3
1777,8,14,8,3
1778,8,14,9,3
1779,8,14,10,3
1780,8,14,11,3
1781,8,14,12,3
1782,8,14,13,3
1783,8,14,14,3
1784,8,14,15,3
1785,8,15,1,3
1786,8,15,2,3
1787,8,15,3,3
1788,8,15,4,3
1789,8,15,5,3
1790,8,15,6,3
1791,8,15,7,3
1792,8,15,8,3
1793,8,15,9,3
1794,8,15,10,3
1795,8,15,11,3
1796,8,15,12,3
1797,8,15,13,3
1798,8,15,14,3
1799,8,15,15,3
1800,9,1,1,3
1801,9,1,2,3
1802,9,1,3,3
1803,9,1,4,3
1804,9,1,5,3
1805,9,1,6,3
1806,9,1,7,3
1807,9,1,8,3
1808,9,1,9,3
1809,9,1,10,3
1810,9,1,11,3
1811,9,1,12,3
1812,9,1,13,3
1813,9,1,14,3
1814,9,1,15,3
1815,9,2,1,4
1816,9,2,2,4
1817,9,2,3,4
1818,9,2,4,4
1819,9,2,5,4
1820,9,2,6,4
1821,9,2,7,4
1822,9,2,8,4
1823,9,2,9,4
1824,9,2,10,4
1825,9,2,11,4
1826,9,2,12,4
1827,9,2,13,4
1828,9,2,14,4
1829,9,2,15,4
1830,9,3,1,4
1831,9,3,2,5
1832,9,3,3,2
1833,9,3,4,6
1834,9,3,5,3
1835,9,3,6,1
1836,9,3,7,-1
1837,9,3,8,7
1838,9,3,9,0
1839,9,3,10,1
1840,9,3,11,-1
1841,9,3,12,3
1842,9,3,13,-1
1843,9,3,14,-1
1844,9,3,15,-1
1845,9,4,1,5
1846,9,4,2,5
1847,9,4,3,5
1848,9,4,4,5
1849,9,4,5,5
1850,9,4,6,5
1851,9,4,7,5
1852,9,4,8,5
1853,9,4,9,5
1854,9,4,10,5
1855,9,4,11,5
1856,9,4,12,5
1857,9,4,13,5
1858,9,4,14,5
1859,9,4,15,5
1860,9,5,1,1
1861,9,5,2,1
1862,9,5,3,1
1863,9,5,4,1
1864,9,5,5,1
1865,9,5,6,1
1866,9,5,7,1
1867,9,5,8,1
1868,9,5,9,1
1869,9,5,10,1
1870,9,5,11,1
1871,9,5,12,1
1872,9,5,13,1
1873,9,5,14,1
1874,9,5,15,1
1875,9,6,1,5
1876,9,6,2,6
1877,9,6,3,2
1878,9,6,4,7
1879,9,6,5,0
1880,9,6,6,3
1881,9,6,7,-1
1882,9,6,8,8
1883,9,6,9,0
1884,9,6,10,5
1885,9,6,11,-1
1886,9,6,12,3
1887,9,6,13,-1
1888,9,6,14,-1
1889,9,6,15,-1
1890,9,7,1,2
1891,9,7,2,3
1892,9,7,3,-1
1893,9,7,4,3
1894,9,7,5,-1
1895,9,7,6,-1
1896,9,7,7,-1
1897,9,7,8,3
1898,9,7,9,-1
1899,9,7,10,-1
1900,9,7,11,-1
1901,9,7,12,-1
1902,9,7,13,-1
1903,9,7,14,-1
1904,9,7,15,-1
1905,9,8,1,6
1906,9,8,2,6
1907,9,8,3,6
1908,9,8,4,6
1909,9,8,5,6
1910,9,8,6,6
1911,9,8,7,6
1912,9,8,8,6
1913,9,8,9,6
1914,9,8,10,6
1915,9,8,11,6
1916,9,8,12,6
1917,9,8,13,6
1918,9,8,14,6
1919,9,8,15,6
1920,9,9,1,6
1921,9,9,2,7
1922,9,9,3,2
1923,9,9,4,8
1924,9,9,5,4
1925,9,9,6,0
1926,9,9,7,-1
1927,9,9,8,9
1928,9,9,9,0
1929,9,9,10,0
1930,9,9,11,-1
1931,9,9,12,3
1932,9,9,13,-1
1933,9,9,14,-1
1934,9,9,15,-1
1935,9,10,1,9
1936,9,10,2,10
1937,9,10,3,2
1938,9,10,4,11
1939,9,10,5,0
1940,9,10,6,6
1941,9,10,7,-1
1942,9,10,8,12
1943,9,10,9,0
1944,9,10,10,3
1945,9,10,11,-1
1946,9,10,12,3
1947,9,10,13,-1
1948,9,10,14,-1
1949,9,10,15,-1
1950,9,11,1,2
1951,9,11,2,3
1952,9,11,3,-1
1953,9,11,4,3
1954,9,11,5,-1
1955,9,11,6,-1
1956,9,11,7,-1
1957,9,11,8,3
1958,9,11,9,-1
1959,9,11,10,-1
1960,9,11,11,-1
1961,9,11,12,-1
1962,9,11,13,-1
1963,9,11,14,-1
1964,9,11,15,-1
1965,9,12,1,6
1966,9,12,2,7
1967,9,12,3,0
1968,9,12,4,8
1969,9,12,5,6
1970,9,12,6,3
1971,9,12,7,-1
1972,9,12,8,9
1973,9,12,9,0
1974,9,12,10,3
1975,9,12,11,-1
1976,9,12,12,3
1977,9,12,13,-1
1978,9,12,14,-1
1979,9,12,15,-1
1980,9,13,1,6
1981,9,13,2,8
1982,9,13,3,-1
1983,9,13,4,10
1984,9,13,5,3
1985,9,13,6,-1
1986,9,13,7,-1
1987,9,13,8,12
1988,9,13,9,-1
1989,9,13,10,-1
1990,9,13,11,-1
1991,9,13,12,-1
1992,9,13,13,-1
1993,9,13,14,-1
1994,9,13,15,-1
1995,9,14,1,3
1996,9,14,2,3
1997,9,14,3,-1
1998,9,14,4,5
1999,9,14,5,-1
2000,9,14,6,-1
2001,9,14,7,-1
2002,9,14,8,3
2003,9,14,9,-1
2004,9,14,10,-1
2005,9,14,11,-1
2006,9,14,12,-1
2007,9,14,13,-1
2008,9,14,14,-1
2009,9,14,15,-1
2010,9,15,1,-1
2011,9,15,2,-1
2012,9,15,3,-1
2013,9,15,4,-1
2014,9,15,5,-1
2015,9,15,6,-1
2016,9,15,7,-1
2017,9,15,8,-1
2018,9,15,9,-1
2019,9,15,10,-1
2020,9,15,11,-1
2021,9,15,12,-1
2022,9,15,13,-1
2023,9,15,14,-1
2024,9,15,15,-1
2025,10,1,1,3
2026,10,1,2,4
2027,10,1,3,5
2028,10,1,4,5
2029,10,1,5,5
2030,10,1,6,0
2031,10,1,7,3
2032,10,1,8,6
2033,10,1,9,9
2034,10,1,10,6
2035,10,1,11,3
2036,10,1,12,9
2037,10,1,13,3
2038,10,1,14,1
2039,10,1,15,-1
2040,10,2,1,3
2041,10,2,2,4
2042,10,2,3,6
2043,10,2,4,5
2044,10,2,5,6
2045,10,2,6,0
2046,10,2,7,1
2047,10,2,8,6
2048,10,2,9,10
2049,10,2,10,7
2050,10,2,11,1
2051,10,2,12,10
2052,10,2,13,6
2053,10,2,14,2
2054,10,2,15,-1
2055,10,3,1,3
2056,10,3,2,4
2057,10,3,3,3
2058,10,3,4,5
2059,10,3,5,5
2060,10,3,6,0
2061,10,3,7,-1
2062,10,3,8,6
2063,10,3,9,5
2064,10,3,10,0
2065,10,3,11,-1
2066,10,3,12,6
2067,10,3,13,-1
2068,10,3,14,-1
2069,10,3,15,-1
2070,10,4,1,3
2071,10,4,2,4
2072,10,4,3,7
2073,10,4,4,5
2074,10,4,5,7
2075,10,4,6,0
2076,10,4,7,5
2077,10,4,8,6
2078,10,4,9,11
2079,10,4,10,8
2080,10,4,11,6
2081,10,4,12,11
2082,10,4,13,6
2083,10,4,14,2
2084,10,4,15,-1
2085,10,5,1,3
2086,10,5,2,4
2087,10,5,3,4
2088,10,5,4,5
2089,10,5,5,3
2090,10,5,6,0
2091,10,5,7,-1
2092,10,5,8,6
2093,10,5,9,7
2094,10,5,10,0
2095,10,5,11,-1
2096,10,5,12,9
2097,10,5,13,-1
2098,10,5,14,-1
2099,10,5,15,-1
2100,10,6,1,3
2101,10,6,2,4
2102,10,6,3,1
2103,10,6,4,5
2104,10,6,5,1
2105,10,6,6,0
2106,10,6,7,-1
2107,10,6,8,6
2108,10,6,9,1
2109,10,6,10,3
2110,10,6,11,-1
2111,10,6,12,0
2112,10,6,13,-1
2113,10,6,14,-1
2114,10,6,15,-1
2115,10,7,1,3
2116,10,7,2,4
2117,10,7,3,-1
2118,10,7,4,5
2119,10,7,5,-1
2120,10,7,6,0
2121,10,7,7,-1
2122,10,7,8,6
2123,10,7,9,-1
2124,10,7,10,-1
2125,10,7,11,-1
2126,10,7,12,-1
2127,10,7,13,-1
2128,10,7,14,-1
2129,10,7,15,-1
2130,10,8,1,3
2131,10,8,2,4
2132,10,8,3,8
2133,10,8,4,5
2134,10,8,5,8
2135,10,8,6,0
2136,10,8,7,2
2137,10,8,8,6
2138,10,8,9,12
2139,10,8,10,9
2140,10,8,11,2
2141,10,8,12,12
2142,10,8,13,6
2143,10,8,14,2
2144,10,8,15,-1
2145,10,9,1,3
2146,10,9,2,4
2147,10,9,3,2
2148,10,9,4,5
2149,10,9,5,6
2150,10,9,6,0
2151,10,9,7,-1
2152,10,9,8,6
2153,10,9,9,3
2154,10,9,10,0
2155,10,9,11,-1
2156,10,9,12,6
2157,10,9,13,-1
2158,10,9,14,-1
2159,10,9,15,-1
2160,10,10,1,3
2161,10,10,2,4
2162,10,10,3,0
2163,10,10,4,5
2164,10,10,5,0
2165,10,10,6,0
2166,10,10,7,-1
2167,10,10,8,6
2168,10,10,9,0
2169,10,10,10,0
2170,10,10,11,-1
2171,10,10,12,0
2172,10,10,13,-1
2173,10,10,14,-1
2174,10,10,15,-1
2175,10,11,1,3
2176,10,11,2,4
2177,10,11,3,-1
2178,10,11,4,5
2179,10,11,5,-1
2180,10,11,6,0
2181,10,11,7,-1
2182,10,11,8,6
2183,10,11,9,-1
2184,10,11,10,-1
2185,10,11,11,-1
2186,10,11,12,-1
2187,10,11,13,-1
2188,10,11,14,-1
2189,10,11,15,-1
2190,10,12,1,3
2191,10,12,2,4
2192,10,12,3,4
2193,10,12,4,5
2194,10,12,5,8
2195,10,12,6,0
2196,10,12,7,-1
2197,10,12,8,6
2198,10,12,9,6
2199,10,12,10,0
2200,10,12,11,-1
2201,10,12,12,2
2202,10,12,13,-1
2203,10,12,14,-1
2204,10,12,15,-1
2205,10,13,1,3
2206,10,13,2,4
2207,10,13,3,-1
2208,10,13,4,5
2209,10,13,5,5
2210,10,13,6,0
2211,10,13,7,-1
2212,10,13,8,6
2213,10,13,9,-1
2214,10,13,10,-1
2215,10,13,11,-1
2216,10,13,12,-1
2217,10,13,13,-1
2218,10,13,14,-1
2219,10,13,15,-1
2220,10,14,1,3
2221,10,14,2,4
2222,10,14,3,-1
2223,10,14,4,5
2224,10,14,5,-1
2225,10,14,6,0
2226,10,14,7,-1
2227,10,14,8,6
2228,10,14,9,-1
2229,10,14,10,-1
2230,10,14,11,-1
2231,10,14,12,-1
2232,10,14,13,-1
2233,10,14,14,-1
2234,10,14,15,-1
2235,10,15,1,3
2236,10,15,2,4
2237,10,15,3,-1
2238,10,15,4,5
2239,10,15,5,-1
2240,10,15,6,0
2241,10,15,7,-1
2242,10,15,8,6
2243,10,15,9,-1
2244,10,15,10,-1
2245,10,15,11,-1
2246,10,15,12,-1
2247,10,15,13,-1
2248,10,15,14,-1
2249,10,15,15,-1
2250,11,1,1,3
2251,11,1,2,4
2252,11,1,3,5
2253,11,1,4,5
2254,11,1,5,5
2255,11,1,6,3
2256,11,1,7,1
2257,11,1,8,6
2258,11,1,9,9
2259,11,1,10,6
2260,11,1,11,0
2261,11,1,12,9
2262,11,1,13,2
2263,11,1,14,3
2264,11,1,15,-1
2265,11,2,1,4
2266,11,2,2,5
2267,11,2,3,8
2268,11,2,4,6
2269,11,2,5,7
2270,11,2,6,9
2271,11,2,7,0
2272,11,2,8,7
2273,11,2,9,14
2274,11,2,10,8
2275,11,2,11,0
2276,11,2,12,14
2277,11,2,13,13
2278,11,2,14,3
2279,11,2,15,-1
2280,11,3,1,4
2281,11,3,2,7
2282,11,3,3,1
2283,11,3,4,8
2284,11,3,5,1
2285,11,3,6,1
2286,11,3,7,-1
2287,11,3,8,11
2288,11,3,9,0
2289,11,3,10,1
2290,11,3,11,-1
2291,11,3,12,2
2292,11,3,13,-1
2293,11,3,14,-1
2294,11,3,15,-1
2295,11,4,1,5
2296,11,4,2,6
2297,11,4,3,9
2298,11,4,4,7
2299,11,4,5,9
2300,11,4,6,6
2301,11,4,7,3
2302,11,4,8,8
2303,11,4,9,13
2304,11,4,10,10
2305,11,4,11,0
2306,11,4,12,13
2307,11,4,13,6
2308,11,4,14,7
2309,11,4,15,-1
2310,11,5,1,2
2311,11,5,2,7
2312,11,5,3,0
2313,11,5,4,5
2314,11,5,5,2
2315,11,5,6,2
2316,11,5,7,-1
2317,11,5,8,11
2318,11,5,9,2
2319,11,5,10,2
2320,11,5,11,-1
2321,11,5,12,3
2322,11,5,13,-1
2323,11,5,14,-1
2324,11,5,15,-1
2325,11,6,1,5
2326,11,6,2,2
2327,11,6,3,0
2328,11,6,4,9
2329,11,6,5,2
2330,11,6,6,3
2331,11,6,7,-1
2332,11,6,8,5
2333,11,6,9,2
2334,11,6,10,2
2335,11,6,11,-1
2336,11,6,12,3
2337,11,6,13,-1
2338,11,6,14,-1
2339,11,6,15,-1
2340,11,7,1,1
2341,11,7,2,0
2342,11,7,3,-1
2343,11,7,4,0
2344,11,7,5,-1
2345,11,7,6,-1
2346,11,7,7,-1
2347,11,7,8,0
2348,11,7,9,-1
2349,11,7,10,-1
2350,11,7,11,-1
2351,11,7,12,-1
2352,11,7,13,-1
2353,11,7,14,-1
2354,11,7,15,-1
2355,11,8,1,6
2356,11,8,2,7
2357,11,8,3,12
2358,11,8,4,8
2359,11,8,5,11
2360,11,8,6,13
2361,11,8,7,0
2362,11,8,8,9
2363,11,8,9,18
2364,11,8,10,12
2365,11,8,11,0
2366,11,8,12,18
2367,11,8,13,15
2368,11,8,14,3
2369,11,8,15,-1
2370,11,9,1,6
2371,11,9,2,11
2372,11,9,3,2
2373,11,9,4,10
2374,11,9,5,2
2375,11,9,6,2
2376,11,9,7,-1
2377,11,9,8,15
2378,11,9,9,2
2379,11,9,10,2
2380,11,9,11,-1
2381,11,9,12,2
2382,11,9,13,-1
2383,11,9,14,-1
2384,11,9,15,-1
2385,11,10,1,9
2386,11,10,2,8
2387,11,10,3,0
2388,11,10,4,13
2389,11,10,5,2
2390,11,10,6,3
2391,11,10,7,-1
2392,11,10,8,12
2393,11,10,9,2
2394,11,10,10,3
2395,11,10,11,-1
2396,11,10,12,3
2397,11,10,13,-1
2398,11,10,14,-1
2399,11,10,15,-1
2400,11,11,1,0
2401,11,11,2,0
2402,11,11,3,-1
2403,11,11,4,3
2404,11,11,5,-1
2405,11,11,6,-1
2406,11,11,7,-1
2407,11,11,8,0
2408,11,11,9,-1
2409,11,11,10,-1
2410,11,11,11,-1
2411,11,11,12,-1
2412,11,11,13,-1
2413,11,11,14,-1
2414,11,11,15,-1
2415,11,12,1,6
2416,11,12,2,11
2417,11,12,3,3
2418,11,12,4,10
2419,11,12,5,3
2420,11,12,6,3
2421,11,12,7,-1
2422,11,12,8,15
2423,11,12,9,3
2424,11,12,10,3
2425,11,12,11,-1
2426,11,12,12,3
2427,11,12,13,-1
2428,11,12,14,-1
2429,11,12,15,-1
2430,11,13,1,6
2431,11,13,2,7
2432,11,13,3,-1
2433,11,13,4,12
2434,11,13,5,-1
2435,11,13,6,-1
2436,11,13,7,-1
2437,11,13,8,9
2438,11,13,9,-1
2439,11,13,10,-1
2440,11,13,11,-1
2441,11,13,12,-1
2442,11,13,13,-1
2443,11,13,14,-1
2444,11,13,15,-1
2445,11,14,1,3
2446,11,14,2,3
2447,11,14,3,-1
2448,11,14,4,7
2449,11,14,5,-1
2450,11,14,6,-1
2451,11,14,7,-1
2452,11,14,8,3
2453,11,14,9,-1
2454,11,14,10,-1
2455,11,14,11,-1
2456,11,14,12,-1
2457,11,14,13,-1
2458,11,14,14,-1
2459,11,14,15,-1
2460,11,15,1,-1
2461,11,15,2,-1
2462,11,15,3,-1
2463,11,15,4,-1
2464,11,15,5,-1
2465,11,15,6,-1
2466,11,15,7,-1
2467,11,15,8,-1
2468,11,15,9,-1
2469,11,15,10,-1
2470,11,15,11,-1
2471,11,15,12,-1
2472,11,15,13,-1
2473,11,15,14,-1
2474,11,15,15,-1
2475,12,1,1,3
2476,12,1,2,3
2477,12,1,3,3
2478,12,1,4,3
2479,12,1,5,3
2480,12,1,6,3
2481,12,1,7,3
2482,12,1,8,3
2483,12,1,9,3
2484,12,1,10,3
2485,12,1,11,3
2486,12,1,12,3
2487,12,1,13,3
2488,12,1,14,3
2489,12,1,15,3
2490,12,2,1,4
2491,12,2,2,4
2492,12,2,3,4
2493,12,2,4,4
2494,12,2,5,4
2495,12,2,6,4
2496,12,2,7,4
2497,12,2,8,4
2498,12,2,9,4
2499,12,2,10,4
2500,12,2,11,4
2501,12,2,12,4
2502,12,2,13,4
2503,12,2,14,4
2504,12,2,15,4
2505,12,3,1,4
2506,12,3,2,5
2507,12,3,3,3
2508,12,3,4,6
2509,12,3,5,2
2510,12,3,6,3
2511,12,3,7,-1
2512,12,3,8,7
2513,12,3,9,3
2514,12,3,10,3
2515,12,3,11,-1
2516,12,3,12,0
2517,12,3,13,-1
2518,12,3,14,-1
2519,12,3,15,-1
2520,12,4,1,5
2521,12,4,2,5
2522,12,4,3,5
2523,12,4,4,5
2524,12,4,5,5
2525,12,4,6,5
2526,12,4,7,5
2527,12,4,8,5
2528,12,4,9,5
2529,12,4,10,5
2530,12,4,11,5
2531,12,4,12,5
2532,12,4,13,5
2533,12,4,14,5
2534,12,4,15,5
2535,12,5,1,3
2536,12,5,2,3
2537,12,5,3,3
2538,12,5,4,3
2539,12,5,5,3
2540,12,5,6,3
2541,12,5,7,3
2542,12,5,8,3
2543,12,5,9,3
2544,12,5,10,3
2545,12,5,11,3
2546,12,5,12,3
2547,12,5,13,3
2548,12,5,14,3
2549,12,5,15,3
2550,12,6,1,5
2551,12,6,2,6
2552,12,6,3,3
2553,12,6,4,7
2554,12,6,5,3
2555,12,6,6,2
2556,12,6,7,-1
2557,12,6,8,8
2558,12,6,9,3
2559,12,6,10,5
2560,12,6,11,-1
2561,12,6,12,0
2562,12,6,13,-1
2563,12,6,14,-1
2564,12,6,15,-1
2565,12,7,1,3
2566,12,7,2,0
2567,12,7,3,-1
2568,12,7,4,0
2569,12,7,5,-1
2570,12,7,6,-1
2571,12,7,7,-1
2572,12,7,8,1
2573,12,7,9,-1
2574,12,7,10,-1
2575,12,7,11,-1
2576,12,7,12,-1
2577,12,7,13,-1
2578,12,7,14,-1
2579,12,7,15,-1
2580,12,8,1,6
2581,12,8,2,6
2582,12,8,3,6
2583,12,8,4,6
2584,12,8,5,6
2585,12,8,6,6
2586,12,8,7,6
2587,12,8,8,6
2588,12,8,9,6
2589,12,8,10,6
2590,12,8,11,6
2591,12,8,12,6
2592,12,8,13,6
2593,12,8,14,6
2594,12,8,15,6
2595,12,9,1,6
2596,12,9,2,7
2597,12,9,3,3
2598,12,9,4,8
2599,12,9,5,4
2600,12,9,6,3
2601,12,9,7,-1
2602,12,9,8,9
2603,12,9,9,3
2604,12,9,10,3
2605,12,9,11,-1
2606,12,9,12,0
2607,12,9,13,-1
2608,12,9,14,-1
2609,12,9,15,-1
2610,12,10,1,9
2611,12,10,2,10
2612,12,10,3,3
2613,12,10,4,11
2614,12,10,5,3
2615,12,10,6,6
2616,12,10,7,-1
2617,12,10,8,12
2618,12,10,9,3
2619,12,10,10,2
2620,12,10,11,-1
2621,12,10,12,0
2622,12,10,13,-1
2623,12,10,14,-1
2624,12,10,15,-1
2625,12,11,1,3
2626,12,11,2,0
2627,12,11,3,-1
2628,12,11,4,1
2629,12,11,5,-1
2630,12,11,6,-1
2631,12,11,7,-1
2632,12,11,8,1
2633,12,11,9,-1
2634,12,11,10,-1
2635,12,11,11,-1
2636,12,11,12,-1
2637,12,11,13,-1
2638,12,11,14,-1
2639,12,11,15,-1
2640,12,12,1,6
2641,12,12,2,7
2642,12,12,3,3
2643,12,12,4,8
2644,12,12,5,6
2645,12,12,6,0
2646,12,12,7,-1
2647,12,12,8,9
2648,12,12,9,3
2649,12,12,10,0
2650,12,12,11,-1
2651,12,12,12,0
2652,12,12,13,-1
2653,12,12,14,-1
2654,12,12,15,-1
2655,12,13,1,6
2656,12,13,2,8
2657,12,13,3,-1
2658,12,13,4,10
2659,12,13,5,2
2660,12,13,6,-1
2661,12,13,7,-1
2662,12,13,8,12
2663,12,13,9,-1
2664,12,13,10,-1
2665,12,13,11,-1
2666,12,13,12,-1
2667,12,13,13,-1
2668,12,13,14,-1
2669,12,13,15,-1
2670,12,14,1,2
2671,12,14,2,0
2672,12,14,3,-1
2673,12,14,4,5
2674,12,14,5,-1
2675,12,14,6,-1
2676,12,14,7,-1
2677,12,14,8,1
2678,12,14,9,-1
2679,12,14,10,-1
2680,12,14,11,-1
2681,12,14,12,-1
2682,12,14,13,-1
2683,12,14,14,-1
2684,12,14,15,-1
2685,12,15,1,-1
2686,12,15,2,-1
2687,12,15,3,-1
2688,12,15,4,-1
2689,12,15,5,-1
2690,12,15,6,-1
2691,12,15,7,-1
2692,12,15,8,-1
2693,12,15,9,-1
2694,12,15,10,-1
2695,12,15,11,-1
2696,12,15,12,-1
2697,12,15,13,-1
2698,12,15,14,-1
2699,12,15,15,-1
2700,13,1,1,3
2701,13,1,2,3
2702,13,1,3,3
2703,13,1,4,3
2704,13,1,5,3
2705,13,1,6,3
2706,13,1,7,3
2707,13,1,8,3
2708,13,1,9,3
2709,13,1,10,3
2710,13,1,11,3
2711,13,1,12,3
2712,13,1,13,3
2713,13,1,14,3
2714,13,1,15,3
2715,13,2,1,5
2716,13,2,2,5
2717,13,2,3,5
2718,13,2,4,5
2719,13,2,5,5
2720,13,2,6,5
2721,13,2,7,5
2722,13,2,8,5
2723,13,2,9,5
2724,13,2,10,5
2725,13,2,11,5
2726,13,2,12,5
2727,13,2,13,5
2728,13,2,14,5
2729,13,2,15,5
2730,13,3,1,6
2731,13,3,2,9
2732,13,3,3,2
2733,13,3,4,10
2734,13,3,5,0
2735,13,3,6,0
2736,13,3,7,-1
2737,13,3,8,13
2738,13,3,9,3
2739,13,3,10,0
2740,13,3,11,-1
2741,13,3,12,4
2742,13,3,13,-1
2743,13,3,14,-1
2744,13,3,15,-1
2745,13,4,1,7
2746,13,4,2,7
2747,13,4,3,7
2748,13,4,4,7
2749,13,4,5,7
2750,13,4,6,7
2751,13,4,7,7
2752,13,4,8,7
2753,13,4,9,7
2754,13,4,10,7
2755,13,4,11,7
2756,13,4,12,7
2757,13,4,13,7
2758,13,4,14,7
2759,13,4,15,7
2760,13,5,1,0
2761,13,5,2,0
2762,13,5,3,0
2763,13,5,4,0
2764,13,5,5,0
2765,13,5,6,0
2766,13,5,7,0
2767,13,5,8,0
2768,13,5,9,0
2769,13,5,10,0
2770,13,5,11,0
2771,13,5,12,0
2772,13,5,13,0
2773,13,5,14,0
2774,13,5,15,0
2775,13,6,1,7
2776,13,6,2,9
2777,13,6,3,0
2778,13,6,4,11
2779,13,6,5,0
2780,13,6,6,3
2781,13,6,7,-1
2782,13,6,8,13
2783,13,6,9,1
2784,13,6,10,3
2785,13,6,11,-1
2786,13,6,12,3
2787,13,6,13,-1
2788,13,6,14,-1
2789,13,6,15,-1
2790,13,7,1,2
2791,13,7,2,5
2792,13,7,3,-1
2793,13,7,4,5
2794,13,7,5,-1
2795,13,7,6,-1
2796,13,7,7,-1
2797,13,7,8,5
2798,13,7,9,-1
2799,13,7,10,-1
2800,13,7,11,-1
2801,13,7,12,-1
2802,13,7,13,-1
2803,13,7,14,-1
2804,13,7,15,-1
2805,13,8,1,9
2806,13,8,2,9
2807,13,8,3,9
2808,13,8,4,9
2809,13,8,5,9
2810,13,8,6,9
2811,13,8,7,9
2812,13,8,8,9
2813,13,8,9,9
2814,13,8,10,9
2815,13,8,11,9
2816,13,8,12,9
2817,13,8,13,9
2818,13,8,14,9
2819,13,8,15,9
2820,13,9,1,12
2821,13,9,2,17
2822,13,9,3,5
2823,13,9,4,16
2824,13,9,5,0
2825,13,9,6,1
2826,13,9,7,-1
2827,13,9,8,21
2828,13,9,9,1
2829,13,9,10,1
2830,13,9,11,-1
2831,13,9,12,6
2832,13,9,13,-1
2833,13,9,14,-1
2834,13,9,15,-1
2835,13,10,1,15
2836,13,10,2,20
2837,13,10,3,0
2838,13,10,4,19
2839,13,10,5,0
2840,13,10,6,1
2841,13,10,7,-1
2842,13,10,8,24
2843,13,10,9,1
2844,13,10,10,3
2845,13,10,11,-1
2846,13,10,12,3
2847,13,10,13,-1
2848,13,10,14,-1
2849,13,10,15,-1
2850,13,11,1,2
2851,13,11,2,6
2852,13,11,3,-1
2853,13,11,4,6
2854,13,11,5,-1
2855,13,11,6,-1
2856,13,11,7,-1
2857,13,11,8,6
2858,13,11,9,-1
2859,13,11,10,-1
2860,13,11,11,-1
2861,13,11,12,-1
2862,13,11,13,-1
2863,13,11,14,-1
2864,13,11,15,-1
2865,13,12,1,12
2866,13,12,2,17
2867,13,12,3,6
2868,13,12,4,16
2869,13,12,5,1
2870,13,12,6,3
2871,13,12,7,-1
2872,13,12,8,21
2873,13,12,9,6
2874,13,12,10,3
2875,13,12,11,-1
2876,13,12,12,3
2877,13,12,13,-1
2878,13,12,14,-1
2879,13,12,15,-1
2880,13,13,1,0
2881,13,13,2,3
2882,13,13,3,-1
2883,13,13,4,3
2884,13,13,5,-1
2885,13,13,6,-1
2886,13,13,7,-1
2887,13,13,8,3
2888,13,13,9,-1
2889,13,13,10,-1
2890,13,13,11,-1
2891,13,13,12,-1
2892,13,13,13,-1
2893,13,13,14,-1
2894,13,13,15,-1
2895,13,14,1,3
2896,13,14,2,5
2897,13,14,3,-1
2898,13,14,4,8
2899,13,14,5,-1
2900,13,14,6,-1
2901,13,14,7,-1
2902,13,14,8,5
2903,13,14,9,-1
2904,13,14,10,-1
2905,13,14,11,-1
2906,13,14,12,-1
2907,13,14,13,-1
2908,13,14,14,-1
2909,13,14,15,-1
2910,13,15,1,-1
2911,13,15,2,-1
2912,13,15,3,-1
2913,13,15,4,-1
2914,13,15,5,-1
2915,13,15,6,-1
2916,13,15,7,-1
2917,13,15,8,-1
2918,13,15,9,-1
2919,13,15,10,-1
2920,13,15,11,-1
2921,13,15,12,-1
2922,13,15,13,-1
2923,13,15,14,-1
2924,13,15,15,-1
2925,14,1,1,3
2926,14,1,2,4
2927,14,1,3,5
2928,14,1,4,5
2929,14,1,5,5
2930,14,1,6,1
2931,14,1,7,3
2932,14,1,8,6
2933,14,1,9,9
2934,14,1,10,6
2935,14,1,11,3
2936,14,1,12,9
2937,14,1,13,3
2938,14,1,14,0
2939,14,1,15,-1
2940,14,2,1,4
2941,14,2,2,5
2942,14,2,3,6
2943,14,2,4,6
2944,14,2,5,4
2945,14,2,6,7
2946,14,2,7,0
2947,14,2,8,7
2948,14,2,9,8
2949,14,2,10,11
2950,14,2,11,0
2951,14,2,12,8
2952,14,2,13,9
2953,14,2,14,0
2954,14,2,15,-1
2955,14,3,1,4
2956,14,3,2,6
2957,14,3,3,3
2958,14,3,4,8
2959,14,3,5,1
2960,14,3,6,0
2961,14,3,7,-1
2962,14,3,8,10
2963,14,3,9,6
2964,14,3,10,1
2965,14,3,11,-1
2966,14,3,12,7
2967,14,3,13,-1
2968,14,3,14,-1
2969,14,3,15,-1
2970,14,4,1,5
2971,14,4,2,6
2972,14,4,3,9
2973,14,4,4,7
2974,14,4,5,9
2975,14,4,6,4
2976,14,4,7,7
2977,14,4,8,8
2978,14,4,9,13
2979,14,4,10,10
2980,14,4,11,8
2981,14,4,12,13
2982,14,4,13,8
2983,14,4,14,2
2984,14,4,15,-1
2985,14,5,1,3
2986,14,5,2,9
2987,14,5,3,4
2988,14,5,4,7
2989,14,5,5,3
2990,14,5,6,0
2991,14,5,7,-1
2992,14,5,8,13
2993,14,5,9,1
2994,14,5,10,1
2995,14,5,11,-1
2996,14,5,12,5
2997,14,5,13,-1
2998,14,5,14,-1
2999,14,5,15,-1
3000,14,6,1,5
3001,14,6,2,7
3002,14,6,3,0
3003,14,6,4,9
3004,14,6,5,0
3005,14,6,6,1
3006,14,6,7,-1
3007,14,6,8,11
3008,14,6,9,0
3009,14,6,10,1
3010,14,6,11,-1
3011,14,6,12,1
3012,14,6,13,-1
3013,14,6,14,-1
3014,14,6,15,-1
3015,14,7,1,3
3016,14,7,2,0
3017,14,7,3,-1
3018,14,7,4,7
3019,14,7,5,-1
3020,14,7,6,-1
3021,14,7,7,-1
3022,14,7,8,2
3023,14,7,9,-1
3024,14,7,10,-1
3025,14,7,11,-1
3026,14,7,12,-1
3027,14,7,13,-1
3028,14,7,14,-1
3029,14,7,15,-1
3030,14,8,1,6
3031,14,8,2,7
3032,14,8,3,10
3033,14,8,4,8
3034,14,8,5,6
3035,14,8,6,11
3036,14,8,7,2
3037,14,8,8,9
3038,14,8,9,12
3039,14,8,10,15
3040,14,8,11,2
3041,14,8,12,12
3042,14,8,13,15
3043,14,8,14,0
3044,14,8,15,-1
3045,14,9,1,6
3046,14,9,2,8
3047,14,9,3,6
3048,14,9,4,10
3049,14,9,5,4
3050,14,9,6,0
3051,14,9,7,-1
3052,14,9,8,12
3053,14,9,9,3
3054,14,9,10,1
3055,14,9,11,-1
3056,14,9,12,9
3057,14,9,13,-1
3058,14,9,14,-1
3059,14,9,15,-1
3060,14,10,1,9
3061,14,10,2,14
3062,14,10,3,1
3063,14,10,4,13
3064,14,10,5,1
3065,14,10,6,1
3066,14,10,7,-1
3067,14,10,8,18
3068,14,10,9,1
3069,14,10,10,1
3070,14,10,11,-1
3071,14,10,12,1
3072,14,10,13,-1
3073,14,10,14,-1
3074,14,10,15,-1
3075,14,11,1,3
3076,14,11,2,0
3077,14,11,3,-1
3078,14,11,4,8
3079,14,11,5,-1
3080,14,11,6,-1
3081,14,11,7,-1
3082,14,11,8,2
3083,14,11,9,-1
3084,14,11,10,-1
3085,14,11,11,-1
3086,14,11,12,-1
3087,14,11,13,-1
3088,14,11,14,-1
3089,14,11,15,-1
3090,14,12,1,6
3091,14,12,2,8
3092,14,12,3,7
3093,14,12,4,10
3094,14,12,5,6
3095,14,12,6,1
3096,14,12,7,-1
3097,14,12,8,12
3098,14,12,9,9
3099,14,12,10,1
3100,14,12,11,-1
3101,14,12,12,2
3102,14,12,13,-1
3103,14,12,14,-1
3104,14,12,15,-1
3105,14,13,1,6
3106,14,13,2,9
3107,14,13,3,-1
3108,14,13,4,12
3109,14,13,5,1
3110,14,13,6,-1
3111,14,13,7,-1
3112,14,13,8,15
3113,14,13,9,-1
3114,14,13,10,-1
3115,14,13,11,-1
3116,14,13,12,-1
3117,14,13,13,-1
3118,14,13,14,-1
3119,14,13,15,-1
3120,14,14,1,0
3121,14,14,2,0
3122,14,14,3,-1
3123,14,14,4,0
3124,14,14,5,-1
3125,14,14,6,-1
3126,14,14,7,-1
3127,14,14,8,0
3128,14,14,9,-1
3129,14,14,10,-1
3130,14,14,11,-1
3131,14,14,12,-1
3132,14,14,13,-1
3133,14,14,14,-1
3134,14,14,15,-1
3135,14,15,1,-1
3136,14,15,2,-1
3137,14,15,3,-1
3138,14,15,4,-1
3139,14,15,5,-1
3140,14,15,6,-1
3141,14,15,7,-1
3142,14,15,8,-1
3143,14,15,9,-1
3144,14,15,10,-1
3145,14,15,11,-1
3146,14,15,12,-1
3147,14,15,13,-1
3148,14,15,14,-1
3149,14,15,15,-1
3150,15,1,1,3
3151,15,1,2,4
3152,15,1,3,5
3153,15,1,4,5
3154,15,1,5,5
3155,15,1,6,3
3156,15,1,7,0
3157,15,1,8,6
3158,15,1,9,9
3159,15,1,10,6
3160,15,1,11,1
3161,15,1,12,9
3162,15,1,13,2
3163,15,1,14,3
3164,15,1,15,-1
3165,15,2,1,5
3166,15,2,2,6
3167,15,2,3,7
3168,15,2,4,7
3169,15,2,5,10
3170,15,2,6,8
3171,15,2,7,0
3172,15,2,8,8
3173,15,2,9,9
3174,15,2,10,15
3175,15,2,11,1
3176,15,2,12,9
3177,15,2,13,10
3178,15,2,14,1
3179,15,2,15,-1
3180,15,3,1,6
3181,15,3,2,8
3182,15,3,3,0
3183,15,3,4,12
3184,15,3,5,0
3185,15,3,6,0
3186,15,3,7,-1
3187,15,3,8,14
3188,15,3,9,2
3189,15,3,10,0
3190,15,3,11,-1
3191,15,3,12,3
3192,15,3,13,-1
3193,15,3,14,-1
3194,15,3,15,-1
3195,15,4,1,7
3196,15,4,2,8
3197,15,4,3,11
3198,15,4,4,9
3199,15,4,5,11
3200,15,4,6,8
3201,15,4,7,1
3202,15,4,8,10
3203,15,4,9,15
3204,15,4,10,12
3205,15,4,11,5
3206,15,4,12,15
3207,15,4,13,8
3208,15,4,14,9
3209,15,4,15,-1
3210,15,5,1,2
3211,15,5,2,12
3212,15,5,3,0
3213,15,5,4,7
3214,15,5,5,2
3215,15,5,6,2
3216,15,5,7,-1
3217,15,5,8,18
3218,15,5,9,2
3219,15,5,10,2
3220,15,5,11,-1
3221,15,5,12,3
3222,15,5,13,-1
3223,15,5,14,-1
3224,15,5,15,-1
3225,15,6,1,7
3226,15,6,2,12
3227,15,6,3,0
3228,15,6,4,13
3229,15,6,5,2
3230,15,6,6,3
3231,15,6,7,-1
3232,15,6,8,18
3233,15,6,9,2
3234,15,6,10,3
3235,15,6,11,-1
3236,15,6,12,3
3237,15,6,13,-1
3238,15,6,14,-1
3239,15,6,15,-1
3240,15,7,1,0
3241,15,7,2,3
3242,15,7,3,-1
3243,15,7,4,3
3244,15,7,5,-1
3245,15,7,6,-1
3246,15,7,7,-1
3247,15,7,8,3
3248,15,7,9,-1
3249,15,7,10,-1
3250,15,7,11,-1
3251,15,7,12,-1
3252,15,7,13,-1
3253,15,7,14,-1
3254,15,7,15,-1
3255,15,8,1,9
3256,15,8,2,10
3257,15,8,3,13
3258,15,8,4,11
3259,15,8,5,16
3260,15,8,6,14
3261,15,8,7,0
3262,15,8,8,12
3263,15,8,9,15
3264,15,8,10,21
3265,15,8,11,1
3266,15,8,12,15
3267,15,8,13,18
3268,15,8,14,5
3269,15,8,15,-1
3270,15,9,1,12
3271,15,9,2,12
3272,15,9,3,1
3273,15,9,4,18
3274,15,9,5,2
3275,15,9,6,2
3276,15,9,7,-1
3277,15,9,8,18
3278,15,9,9,2
3279,15,9,10,2
3280,15,9,11,-1
3281,15,9,12,3
3282,15,9,13,-1
3283,15,9,14,-1
3284,15,9,15,-1
3285,15,10,1,15
3286,15,10,2,24
3287,15,10,3,0
3288,15,10,4,21
3289,15,10,5,2
3290,15,10,6,2
3291,15,10,7,-1
3292,15,10,8,30
3293,15,10,9,2
3294,15,10,10,3
3295,15,10,11,-1
3296,15,10,12,3
3297,15,10,13,-1
3298,15,10,14,-1
3299,15,10,15,-1
3300,15,11,1,1
3301,15,11,2,3
3302,15,11,3,-1
3303,15,11,4,6
3304,15,11,5,-1
3305,15,11,6,-1
3306,15,11,7,-1
3307,15,11,8,3
3308,15,11,9,-1
3309,15,11,10,-1
3310,15,11,11,-1
3311,15,11,12,-1
3312,15,11,13,-1
3313,15,11,14,-1
3314,15,11,15,-1
3315,15,12,1,12
3316,15,12,2,12
3317,15,12,3,2
3318,15,12,4,18
3319,15,12,5,3
3320,15,12,6,3
3321,15,12,7,-1
3322,15,12,8,18
3323,15,12,9,2
3324,15,12,10,3
3325,15,12,11,-1
3326,15,12,12,3
3327,15,12,13,-1
3328,15,12,14,-1
3329,15,12,15,-1
3330,15,13,1,2
3331,15,13,2,14
3332,15,13,3,-1
3333,15,13,4,8
3334,15,13,5,-1
3335,15,13,6,-1
3336,15,13,7,-1
3337,15,13,8,24
3338,15,13,9,-1
3339,15,13,10,-1
3340,15,13,11,-1
3341,15,13,12,-1
3342,15,13,13,-1
3343,15,13,14,-1
3344,15,13,15,-1
3345,15,14,1,3
3346,15,14,2,3
3347,15,14,3,-1
3348,15,14,4,10
3349,15,14,5,-1
3350,15,14,6,-1
3351,15,14,7,-1
3352,15,14,8,3
3353,15,14,9,-1
3354,15,14,10,-1
3355,15,14,11,-1
3356,15,14,12,-1
3357,15,14,13,-1
3358,15,14,14,-1
3359,15,14,15,-1
3360,15,15,1,-1
3361,15,15,2,-1
3362,15,15,3,-1
3363,15,15,4,-1
3364,15,15,5,-1
3365,15,15,6,-1
3366,15,15,7,-1
3367,15,15,8,-1
3368,15,15,9,-1
3369,15,15,10,-1
3370,15,15,11,-1
3371,15,15,12,-1
3372,15,15,13,-1
3373,15,15,14,-1
3374,15,15,15,-1
